<?xml version="1.0" encoding="UTF-8"?>
<beans xmlns="http://www.springframework.org/schema/beans"
	xmlns:mvc="http://www.springframework.org/schema/mvc" xmlns:xsi="http://www.w3.org/2001/XMLSchema-instance"
	xmlns:p="http://www.springframework.org/schema/p" xmlns:context="http://www.springframework.org/schema/context"
	xsi:schemaLocation="
        http://www.springframework.org/schema/beans
        https://www.springframework.org/schema/beans/spring-beans.xsd
        http://www.springframework.org/schema/mvc
        https://www.springframework.org/schema/mvc/spring-mvc.xsd
        http://www.springframework.org/schema/context
        https://www.springframework.org/schema/context/spring-context.xsd">
 
	<context:component-scan base-package="my" />
 
	<mvc:annotation-driven>
		<mvc:message-converters register-defaults="true">
			<bean class="com.alibaba.fastjson.support.spring.FastJsonHttpMessageConverter">
			</bean>
		</mvc:message-converters>
	</mvc:annotation-driven>
     
    
    <!-- Thymeleaf 支持 -->
    <bean id="viewResolver" class="org.thymeleaf.spring5.view.ThymeleafViewResolver">
        <property name="order" value="1"/>
        <property name="characterEncoding" value="UTF-8"/>
        <property name="templateEngine" ref="templateEngine"/>
    </bean>
    
    <bean id="templateEngine" class="org.thymeleaf.spring5.SpringTemplateEngine">
        <property name="templateResolver" ref="templateResolver"/>
    </bean>
    
    <bean id="templateResolver" class="org.thymeleaf.spring5.templateresolver.SpringResourceTemplateResolver">
        <property name="prefix" value="/template/"/>
        <property name="suffix" value=".html"/>
        <property name="templateMode" value="HTML5"/>
        <property name="cacheable" value="false"/>
        <property name="characterEncoding" value="UTF-8" />
    </bean>
		
	<!-- 文件上传支持 -->
	<bean id="multipartResolver" class="org.springframework.web.multipart.commons.CommonsMultipartResolver" >
        <property name="defaultEncoding" value="utf-8" />
        <property name="maxUploadSize" value="100000000" />
        <property name="maxInMemorySize" value="40960" />
	</bean>
		
	<!-- 静态文件  -->
	<mvc:resources mapping="/WEB-INF/**"  location="/nowhere/" />
	<mvc:resources mapping="/template/**"  location="/nowhere/" />
	<!-- 允许其他位置的访问 -->
	<mvc:resources mapping="/**"  location="/" />


	
   	<!-- 自定义异常处理 -->
   	<bean class="af.spring.AfExceptionResolver" />
   	   	
   	
</beans>