<?xml version="1.0" encoding="UTF-8" standalone="no"?>
<project default="build_jar" name="Create JAR">
    <!--this file was created by Eclipse Runnable JAR Export Wizard-->
    <!--ANT 1.7 is required                                        -->
    <!--define folder properties-->
	<!-- 用JRE1.8执行, 在运行配置中选择seprate JRE -->
	
	<property name="classes" value="bin" />
		
	<tstamp>  
		     <format property="TODAY" pattern="yyyyMMdd" locale="en"/>  
	 </tstamp> 
		     	
    <target name="build_jar">
    	<delete dir="build" includes="*.jar" />
 	
    	<jar destfile="build/af-common-1.0-build${TODAY}.jar"   basedir = "${classes}" includes="af/common/**" />  
    	
    	<!--
    	<jar destfile="build/af-common-1.0.jar"   basedir = "${classes}" includes="af/common/**" />
    	-->
    	
    </target>
	
</project>
