<?xml version="1.0" encoding="UTF-8" standalone="no"?>
<project default="create_run_jar" name="Create Runnable Jar for Project af-sql-pojogen">
    <!--this file was created by Eclipse Runnable JAR Export Wizard-->
    <!--ANT 1.7 is required                                        -->
    <!--define folder properties-->
    <property name="dir.buildfile" value="."/>
    <property name="dir.workspace" value="${dir.buildfile}"/>
    <property name="dir.jarfile" value="${dir.workspace}"/>
    <target name="create_run_jar">
        <jar destfile="build/pojogen/pojogen.jar" filesetmanifest="mergewithoutmain">
            <manifest>
                <attribute name="Main-Class" value="af.sql.pojogen.PojoGen"/>
                <attribute name="Class-Path" value="."/>
            </manifest>
            <fileset dir="bin"/>
            <zipfileset excludes="META-INF/*.SF" src="D:/eclipse/plugins/org.eclipse.fx.ide.css.jfx8_3.0.0.201705220750.jar"/>
            <zipfileset excludes="META-INF/*.SF" src="libs/af-javafx-1.0.jar"/>
            <zipfileset excludes="META-INF/*.SF" src="libs/af-sql-1.0.jar"/>
            <zipfileset excludes="META-INF/*.SF" src="libs/mchange-commons-java-0.2.11.jar"/>
            <zipfileset excludes="META-INF/*.SF" src="libs/c3p0-0.9.5.2.jar"/>
            <zipfileset excludes="META-INF/*.SF" src="libs/dom4j-1.6.1.jar"/>
            <zipfileset excludes="META-INF/*.SF" src="libs/mysql-connector-java-5.1.7-bin.jar"/>
            <zipfileset excludes="META-INF/*.SF" src="libs/commons-io-2.4.jar"/>
            <zipfileset excludes="META-INF/*.SF" src="libs/commons-lang3-3.2.jar"/>
            <zipfileset excludes="META-INF/*.SF" src="libs/commons-logging-1.1.3.jar"/>
        </jar>
    </target>
</project>
