<?xml version="1.0" encoding="UTF-8" standalone="no"?>
<project default="build_jar" name="Create Runnable Jar for Project RongInstaller2">
    <!--this file was created by Eclipse Runnable JAR Export Wizard-->
    <!--ANT 1.7 is required                                        -->
    <!--define folder properties-->

	<property name="classes" value="bin" />
		
	<tstamp>  
		     <format property="TODAY" pattern="yyyyMMdd" locale="en"/>  
	 </tstamp> 
		     	
    <target name="build_jar">
    	<delete dir="build" includes="*.jar" />
 	
    	<jar destfile="build/af-sql-2.0-build${TODAY}.jar"   basedir = "${classes}" includes="af/sql/**" />  
    	
    	<!--
    	<jar destfile="build/af-sql-1.0.jar"   basedir = "${classes}" includes="af/sql/**" />
    	-->
    	
    </target>
	
</project>
