<?xml version="1.0" encoding="UTF-8" standalone="no"?>
<project default="create_run_jar" name="Create Runnable Jar for Project pojogen">
    <!--this file was created by Eclipse Runnable JAR Export Wizard-->
    <!--ANT 1.7 is required                                        -->
    <!--define folder properties-->
    <property name="dir.buildfile" value="."/>
    <property name="dir.workspace" value="${dir.buildfile}"/>
    <property name="dir.jarfile" value="${dir.workspace}"/>
	
    <target name="create_run_jar">
        <jar destfile="build/pojogen.jar" filesetmanifest="mergewithoutmain">
            <manifest>
                <attribute name="Main-Class" value="my.App"/>
                <attribute name="Class-Path" value="."/>
            </manifest>
            <fileset dir="bin"/>
            <zipfileset excludes="META-INF/*.SF" src="lib/af-sql-1.0.jar"/>
            <zipfileset excludes="META-INF/*.SF" src="lib/mchange-commons-java-0.2.11.jar"/>
            <zipfileset excludes="META-INF/*.SF" src="lib/c3p0-0.9.5.2.jar"/>
            <zipfileset excludes="META-INF/*.SF" src="lib/commons-io-2.4.jar"/>
            <zipfileset excludes="META-INF/*.SF" src="lib/commons-lang3-3.2.jar"/>
            <zipfileset excludes="META-INF/*.SF" src="lib/commons-logging-1.1.3.jar"/>
            <zipfileset excludes="META-INF/*.SF" src="lib/dom4j-1.6.1.jar"/>
            <zipfileset excludes="META-INF/*.SF" src="lib/mysql-connector-java-5.1.7-bin.jar"/>
            <zipfileset excludes="META-INF/*.SF" src="lib/json-org-build20180908.jar"/>
            <zipfileset excludes="META-INF/*.SF" src="lib/af-common-1.0-build20190517.jar"/>
            <zipfileset excludes="META-INF/*.SF" src="lib/af-swing-1.0-build20190603.jar"/>
        </jar>
    </target>
</project>
